<profile version="1.0">
  <option name="myName" value="Default" />
  <inspection_tool class="PyStubPackagesAdvertiser" enabled="true" level="WARNING" enabled_by_default="true">
    <option name="ignoredPackages">
      <list>
        <option value="PyQt5-stubs==5.15.6.0" />
      </list>
    </option>
  </inspection_tool>
  <inspection_tool class="PyUnresolvedReferencesInspection" enabled="true" level="WARNING" enabled_by_default="true">
    <option name="ignoredIdentifiers">
      <list>
        <option value="PyQt5.QtCore.QEvent.Wheel" />
      </list>
    </option>
  </inspection_tool>
</profile>