<toolSet name="External Tools">
  <tool name="QT5designer" showInMainMenu="false" showInEditor="false" showInProject="false" showInSearchPopup="false" disabled="false" useConsole="true" showConsoleOnStdOut="false" showConsoleOnStdErr="false" synchronizeAfterRun="true">
    <exec>
      <option name="COMMAND" value="C:\Users\61415\AppData\Local\Programs\Python\Python311\Lib\site-packages\qt5_applications\Qt\bin\designer.exe" />
      <option name="PARAMETERS" />
      <option name="WORKING_DIRECTORY" value="$ProjectFileDir$" />
    </exec>
  </tool>
  <tool name="PyUIC" showInMainMenu="false" showInEditor="false" showInProject="false" showInSearchPopup="false" disabled="false" useConsole="true" showConsoleOnStdOut="false" showConsoleOnStdErr="false" synchronizeAfterRun="true">
    <exec>
      <option name="COMMAND" value="C:\Users\61415\AppData\Local\Programs\Python\Python311\python.exe" />
      <option name="PARAMETERS" value="-m PyQt5.uic.pyuic $FileName$ -o $FileNameWithoutExtension$.py" />
      <option name="WORKING_DIRECTORY" value="$ProjectFileDir$" />
    </exec>
  </tool>
  <tool name="Qt6desginer" showInMainMenu="false" showInEditor="false" showInProject="false" showInSearchPopup="false" disabled="false" useConsole="true" showConsoleOnStdOut="false" showConsoleOnStdErr="false" synchronizeAfterRun="true">
    <exec>
      <option name="COMMAND" value="C:\Users\61415\AppData\Local\Programs\Python\Python311\Lib\site-packages\qt6_applications\Qt\bin\designer.exe" />
      <option name="PARAMETERS" />
      <option name="WORKING_DIRECTORY" value="$ProjectFileDir$" />
    </exec>
  </tool>
  <tool name="pylinyt" description="run pylint on project sources" showInMainMenu="false" showInEditor="false" showInProject="false" showInSearchPopup="false" disabled="false" useConsole="true" showConsoleOnStdOut="true" showConsoleOnStdErr="false" synchronizeAfterRun="true">
    <exec>
      <option name="COMMAND" value="$PyInterpreterDirectory$\pylint" />
      <option name="PARAMETERS" value="--msg-template=&quot;$FileDir$\{path}:{line}:{column}:{C}:({symbol}){msg}&quot; car.py test" />
      <option name="WORKING_DIRECTORY" value="$ContentRoot$" />
    </exec>
  </tool>
</toolSet>