<application>
  <component name="FileTypeManager" version="19">
    <ignoreFiles list="*$py.class;*.pyc;*.pyo;*.rbc;*.yarb;*~;.DS_Store;.git;.hg;.mypy_cache;.pytest_cache;.ruff_cache;.svn;CVS;__pycache__;_svn;vssver.scc;vssver2.scc" />
    <extensionMap>
      <mapping ext="scr" type="PLAIN_TEXT" />
      <mapping ext="stl" type="PLAIN_TEXT" />
      <mapping ext="gcode" type="PLAIN_TEXT" />
      <removed_mapping ext="frag" approved="true" type="PLAIN_TEXT" />
      <removed_mapping ext="obj" approved="true" type="PLAIN_TEXT" />
      <removed_mapping ext="vert" approved="true" type="PLAIN_TEXT" />
    </extensionMap>
  </component>
</application>