<application>
  <component name="Trusted.Paths">
    <option name="TRUSTED_PROJECT_PATHS">
      <map>
        <entry key="C:\Users\61415\PycharmProjects\H3DPyOpenGL" value="true" />
        <entry key="C:\Users\61415\PycharmProjects\PixelPicking" value="true" />
        <entry key="C:\Users\61415\PycharmProjects\PrusaPostProcessor" value="true" />
        <entry key="C:\Users\61415\PycharmProjects\PyBox" value="true" />
        <entry key="C:\Users\61415\PycharmProjects\PyQt" value="true" />
        <entry key="C:\Users\61415\PycharmProjects\PyQt5VLC" value="true" />
        <entry key="C:\Users\61415\PycharmProjects\PySide2SplashScreen" value="true" />
        <entry key="C:\Users\61415\PycharmProjects\Qt6MainWindow" value="true" />
        <entry key="C:\Users\61415\PycharmProjects\Slither" value="true" />
        <entry key="C:\Users\61415\PycharmProjects\SlitherCabinet" value="true" />
        <entry key="C:\Users\61415\PycharmProjects\addman" value="true" />
        <entry key="C:\Users\61415\PycharmProjects\addmantopyside6" value="true" />
        <entry key="C:\Users\61415\PycharmProjects\archive23082023" value="true" />
        <entry key="C:\Users\61415\PycharmProjects\dump" value="true" />
        <entry key="C:\Users\61415\PycharmProjects\pybox" value="true" />
        <entry key="C:\Users\61415\PycharmProjects\pyclipperTESTING" value="true" />
        <entry key="C:\Users\61415\PycharmProjects\workingExamples" value="true" />
      </map>
    </option>
  </component>
</application>