<application>
  <component name="DimensionService">
    <location key="find.popup.0.0.1920.1080" x="666" y="68" />
    <location key="find.popup.1920.0.1920.1080" x="2660" y="127" />
    <size key="GridCell.Tab.0.left.0.0.1920.1080" width="1838" height="298" />
    <size key="GridCell.Tab.0.center.0.0.1920.1080" width="1838" height="298" />
    <size key="GridCell.Tab.0.right.0.0.1920.1080" width="1838" height="298" />
    <size key="GridCell.Tab.0.bottom.0.0.1920.1080" width="1838" height="298" />
    <size key="GridCell.Tab.0.left.1920.0.1920.1080" width="1876" height="315" />
    <size key="GridCell.Tab.0.center.1920.0.1920.1080" width="1876" height="315" />
    <size key="GridCell.Tab.0.right.1920.0.1920.1080" width="1876" height="315" />
    <size key="GridCell.Tab.0.bottom.1920.0.1920.1080" width="1876" height="315" />
    <size key="GridCell.Tab.1.left.0.0.1920.1080" width="1876" height="388" />
    <size key="GridCell.Tab.1.center.0.0.1920.1080" width="1876" height="388" />
    <size key="GridCell.Tab.1.right.0.0.1920.1080" width="1876" height="388" />
    <size key="GridCell.Tab.1.bottom.0.0.1920.1080" width="1876" height="388" />
    <size key="find.popup.0.0.1920.1080" width="562" height="508" />
    <size key="GridCell.Tab.1.left.1920.0.1920.1080" width="1876" height="388" />
    <size key="GridCell.Tab.1.center.1920.0.1920.1080" width="1876" height="388" />
    <size key="GridCell.Tab.1.right.1920.0.1920.1080" width="1876" height="388" />
    <size key="GridCell.Tab.1.bottom.1920.0.1920.1080" width="1876" height="388" />
    <size key="find.popup.1920.0.1920.1080" width="562" height="762" />
  </component>
  <component name="WindowManager">
    <frame x="-8" y="-8" width="1936" height="1048" extendedState="6" />
  </component>
  <component name="WindowStateApplicationService">
    <state width="596" height="135" key="ShowUsagesActions.dimensionServiceKey" timestamp="1748397474672">
      <screen x="0" y="0" width="1920" height="1032" />
    </state>
    <state width="596" height="135" key="ShowUsagesActions.dimensionServiceKey/0.0.1920.1032" timestamp="1748397474672" />
    <state width="300" height="524" key="manage.recent.projects.popup" timestamp="1748422571072">
      <screen x="0" y="0" width="1920" height="1032" />
    </state>
    <state width="300" height="524" key="manage.recent.projects.popup/0.0.1920.1032" timestamp="1748422571072" />
  </component>
</application>